,Year,Ratings,Genre,Gross,Budget,Screens,Sequel,Sentiment,Views,Likes,Dislikes,Comments,Aggregate Followers
218,1.0,0.8214285714285714,0.0,0.07697934702797381,0.11975353098867683,0.6409069875057843,0.0,0.6567164179104478,0.3517487850210629,0.10928320258210071,0.09906876790830946,0.11560618304095091,0.09788049595837202
143,0.0,0.5892857142857144,0.6428571428571429,0.0017224482961855235,0.0487336454207178,0.0006941230911614993,0.0,0.5671641791044776,1.2260130545870052e-07,0.0,0.0,2.6066783098297837e-05,0.0002828327908396724
171,1.0,0.19642857142857145,0.14285714285714285,0.25816200258187616,0.15976473412555517,0.8431281813975011,0.0,0.7014925373134329,0.9764847937600839,0.13466162552523134,1.0,0.237702995073378,0.03045331818360244
187,1.0,0.5714285714285714,0.07142857142857142,0.08537751303648088,0.12375465130236467,0.7887552059231837,0.6666666666666666,0.7611940298507462,0.07826956226429899,0.027151458233819366,0.0332378223495702,0.02270416807861742,0.07560472428733775
136,0.0,0.5357142857142857,0.14285714285714285,0.12130300096176108,0.27979834353619015,0.7128644146228598,0.0,0.5671641791044776,0.0003050013976548822,5.397367703770871e-05,7.163323782234957e-05,0.0,8.96904805044221e-05
130,0.0,0.6428571428571429,0.0,0.009498527933692063,0.1757692153803065,0.017584451642757983,0.0,0.5671641791044776,0.19096664386282386,0.035973455745632855,0.0906160458452722,0.08940906602716159,0.21329669269334228
146,0.0,0.7321428571428571,0.14285714285714285,0.006512513352889552,0.08974512863601808,0.07357704766311893,0.0,0.6716417910447762,0.10056813444949562,0.013404362692314958,0.03187679083094556,0.054714177723327165,0.06117947848288955
168,1.0,0.6428571428571429,0.5,0.2846006733493984,0.115752410674989,0.8031004164738547,0.16666666666666666,0.582089552238806,0.28240502689872643,0.1074696870336337,0.07148997134670487,0.05179469801631781,0.23639013831412964
90,0.0,0.4464285714285714,0.0,0.03607716813468941,0.3998319529468251,0.6145303100416474,0.0,0.5671641791044776,0.01087672806540044,0.004228837595904478,0.007593123209169055,0.006959831087245523,0.011889999185921115
156,0.0,0.6785714285714287,0.14285714285714285,0.000431619076359438,0.0096739897971432,0.0,0.0,0.7313432835820896,0.005085318248468709,0.0015382497955746981,0.0025787965616045844,0.0018246748168808486,0.09788049595837202
137,0.0,0.5714285714285714,0.0,0.03887655680419177,0.05973672628335934,0.6418324849606664,0.0,0.5671641791044776,0.059300228528833376,0.008333535734622225,0.011103151862464184,0.014779866016734875,0.00473538665556477
124,0.0,0.7857142857142858,0.07142857142857142,0.39657622012949256,1.0,0.8961129106894956,0.8333333333333334,0.6119402985074627,0.1089156588839358,0.038189075188030795,0.018767908309455586,0.04645100748116675,0.08417736813001697
110,0.0,0.6607142857142857,0.0,0.3157049918994246,0.7999439843156084,1.0,0.16666666666666666,0.6567164179104478,0.011835899378656584,0.01347992584016775,0.01669054441260745,0.022521700596929334,0.14563613432546538
116,0.0,0.7142857142857143,0.6428571428571429,0.016636969040923065,0.05013403753050854,0.1867191115224433,0.0,0.5522388059701493,0.08878507623349173,0.016062566286422112,0.010959885386819484,0.01483199958293147,0.09788049595837202
169,1.0,0.8392857142857142,0.14285714285714285,0.2659380822193827,0.5998879686312167,0.9148542341508561,0.6666666666666666,0.6119402985074627,0.2681259287048888,0.054920915069720494,0.04648997134670487,0.04801501446706462,0.21283148173894728
8,0.0,0.6071428571428572,0.6428571428571429,0.04043177273169307,0.11175129036130116,0.6274872744099954,0.0,0.6119402985074627,0.06782797688229784,0.005961392628814927,0.030014326647564468,0.009957511143549775,0.004014962292936006
71,0.0,0.5714285714285714,0.5,0.0005373737594295269,0.05973672628335934,0.014807959278111986,0.0,0.5671641791044776,0.005417966240504529,0.0016030182080199486,0.002793696275071633,0.0018507415999791466,0.020720466903568133
222,1.0,0.6964285714285715,0.0,0.0491409819257004,0.19577481694874566,0.7401665895418787,0.0,0.6865671641791045,0.226306194308357,0.06367814416908874,0.056303724928366765,0.09073847196517477,0.09788049595837202
111,0.0,0.6785714285714287,0.14285714285714285,0.0014331781336702802,0.007722162205417517,0.03354928273947247,0.0,0.5223880597014925,0.1992396573538715,0.03815399229795629,0.06375358166189111,0.07632354091181608,0.09788049595837202
5,0.0,0.2678571428571428,0.14285714285714285,4.12598785566097e-05,0.001720481734885768,0.5106997556435453,0.0,0.5671641791044776,0.002771984866094854,0.00029955390755928335,0.0005014326647564469,2.6066783098297837e-05,0.009956320123662644
179,1.0,0.625,0.7857142857142857,0.14494228305978096,0.7599327811787301,0.9185562239703841,0.0,0.582089552238806,0.030624855943466086,0.011364157700289569,0.0047277936962750716,0.0065166957745744596,0.03857477024508802
44,0.0,0.6071428571428572,0.0,0.31259456004442193,0.6398991717680951,0.9139287366959741,0.0,0.5970149253731343,0.035429049398517994,0.008006994988544087,0.008022922636103151,0.014258530354768918,0.0602319757423829
170,1.0,0.6428571428571429,0.5,0.27526937778439053,0.5398711639258993,0.8574733919481722,0.0,0.5373134328358209,0.3169576302148465,0.06588027019222725,0.11998567335243553,0.0893047988947684,0.16336152572950138
96,0.0,0.46428571428571436,0.0,0.016325925855422804,0.139759132557116,0.5747339194817215,0.0,0.8208955223880597,0.10622667510163648,0.01644847807724173,0.029441260744985674,0.025467247087036987,0.11850017148510483
160,0.0,0.6428571428571429,0.5,0.005579383796388767,0.023726643460168846,0.015270708005552984,0.0,0.5671641791044776,0.02651228710283307,0.0037079916124905885,0.005659025787965616,0.0017464744675859552,0.05858119392693284
201,1.0,0.37500000000000006,0.5,0.040120729546192814,0.0129236186132117,0.6163813049514114,0.0,0.6716417910447762,0.13613186138206,0.02861684356539316,0.049498567335243555,0.07139691890623778,0.06464720960120642
37,0.0,0.5714285714285714,0.14285714285714285,0.03638821132018968,0.07974232785179851,0.6473854696899584,0.0,0.582089552238806,0.3632071336795594,0.06537561631192468,0.09620343839541547,0.06717410004431353,0.0006585466326364934
76,0.0,0.5714285714285714,0.5,0.006232574485939316,0.019725523146481013,0.05853771402128644,0.0,0.5671641791044776,0.013666306218828618,0.0017757339745406164,0.0035816618911174787,0.0011730052394234027,0.09788049595837202
178,1.0,0.6428571428571429,0.7857142857142857,0.1632938310042964,0.139759132557116,0.7302174919018972,0.0,0.582089552238806,0.29150268742061564,0.053709206020223936,0.18488538681948424,0.07702734405547011,0.06487280549180323
212,1.0,0.9107142857142857,0.5,0.010478313968017886,0.03172888408754451,0.007403979639055993,0.0,0.7910447761194029,0.12356884431105422,0.049647686823136354,0.02163323782234957,0.033834684461590596,3.680435815165291e-05
12,0.0,0.4107142857142858,1.0,0.13110086130501933,0.025727203617012764,0.7364645997223508,0.0,0.5671641791044776,0.5833432640390754,0.10473322160782186,0.3138968481375358,0.11448531136772411,0.6258364853913447
125,0.0,0.625,0.14285714285714285,0.0037753333204872497,0.06373784659704718,0.00046274872744099955,0.0,0.5970149253731343,0.0007916979299995587,0.00015382497955746983,7.163323782234957e-05,0.0002085342647863827,0.0007954511102443932
83,0.0,0.6964285714285715,0.0,0.1421428943902786,0.19977593726243348,0.7144840351689032,0.0,0.5671641791044776,0.011244164177860165,0.0018863800124679195,0.0013610315186246419,0.00096447097463702,0.020874710036767618
198,1.0,0.767857142857143,0.6428571428571429,0.05178484900245262,0.04373224502860801,0.05923183711244794,0.0,0.8507462686567164,0.00017767994193602173,0.00021859339200272027,0.0002148997134670487,0.00018246748168808489,0.021719534419068345
209,1.0,0.48214285714285715,0.5,0.016481447448172936,0.15976473412555517,0.6510874595094863,0.0,0.6119402985074627,0.09495627424440815,0.011631327401626227,0.024426934097421204,0.022964835909600398,0.048952181212541815
106,0.0,0.30357142857142855,0.5,0.1314119044905196,0.07974232785179851,0.8012494215640907,0.0,0.5671641791044776,0.10508026094461854,0.02072859066633203,0.04835243553008596,0.018950551312462528,0.02339538960635902
135,0.0,0.6607142857142857,0.0,0.15862818322179248,0.13575801224342815,0.03956501619620546,0.0,0.5970149253731343,0.09672439962140716,0.048908247447719745,0.015257879656160458,0.07176185386961395,0.15253292298085394
18,0.0,0.8571428571428573,0.7857142857142857,0.3452540945219494,0.6599047733365342,0.8697362332253586,0.0,1.0,0.14403584494367697,0.03821876071040154,0.03853868194842407,0.033704350546099104,0.006404796245981251
15,0.0,0.625,0.5,1.4510164603587201e-05,0.023726643460168846,0.0037019898195279964,0.0,0.5970149253731343,0.12000460980908524,0.01884221065386411,0.017693409742120345,0.011990720225217006,0.008119325014517096
55,0.0,1.0,0.07142857142857142,0.29237675298690496,0.6599047733365342,0.8234613604812587,0.0,0.5970149253731343,0.16615563377518844,0.04488990719226233,0.05379656160458453,0.11250423585225347,0.06007083582052803
7,0.0,0.7142857142857143,0.0,0.008938650199791592,0.07974232785179851,0.18880148079592782,0.0,0.5970149253731343,0.05680746813592071,0.005953296577259271,0.014111747851002865,0.015457602377290618,0.004176392266650218
202,1.0,0.4285714285714286,0.0,0.02954526123918392,0.03973112471492018,0.6395187413234613,0.16666666666666666,0.0,0.33829178988097863,0.09950856967057166,0.13502865329512895,0.11365117430857857,0.00014931225159072497
166,1.0,0.9821428571428572,0.7857142857142857,0.5365456536046103,0.6999159764734125,0.912540490513651,0.0,0.5970149253731343,0.04408215758681398,0.012497604918081452,0.018767908309455586,0.012929124416755727,0.007442537342726631
152,0.0,0.7321428571428571,0.5714285714285714,0.18040120620681077,0.259792741967751,0.7239703840814438,0.0,0.5671641791044776,0.20342171048437324,0.053520298150591956,0.0583810888252149,0.08870526288350755,0.008634972764452688
191,1.0,0.7499999999999999,0.14285714285714285,0.06609283553546465,0.09974792942023766,0.6915779731605738,0.0,0.7313432835820896,0.33825709371153384,0.13493689127812367,0.07199140401146131,0.09188541042149988,0.024974560840536772
97,0.0,0.7857142857142858,0.5714285714285714,0.08102290843947721,0.07974232785179851,0.503701989819528,0.0,0.4925373134328358,0.11470832536424848,0.04528661371848949,0.04047277936962751,0.12963011234783514,0.00026291589649841013
89,0.0,0.5000000000000001,0.7857142857142857,0.0920649415247365,0.19977593726243348,0.8847755668671912,0.3333333333333333,0.5671641791044776,0.06488980594665372,0.0057293058175527795,0.03474212034383954,0.016317806219534447,0.11608307265728175
74,0.0,0.6785714285714287,0.7857142857142857,0.17418034249680556,0.5798823670627776,0.9097639981490051,0.0,0.7611940298507462,0.008494737951969712,0.0023991299443261523,0.0032234957020057307,0.00229387691265021,0.2848301846270323
33,0.0,0.6607142857142857,0.14285714285714285,0.04478637732869674,0.10775017004761334,0.6429893567792688,0.0,0.5671641791044776,0.01599738614016762,0.003365258763301138,0.010959885386819484,0.005917159763313609,0.004703158671193796
122,0.0,0.6071428571428572,0.14285714285714285,0.07013639694696805,0.09974792942023766,0.16196205460434984,0.0,0.6567164179104478,0.016022733960071207,0.005899322900221562,0.010673352435530086,0.014727732450538279,0.005898816891356951
63,0.0,0.8392857142857142,0.0,0.19906379733682647,0.3238106669867563,0.7408607126330402,0.0,0.5671641791044776,0.08481481685816991,0.1241988282314715,0.067621776504298,0.18105987540077678,0.1742223564625198
206,1.0,0.7857142857142858,0.5,0.026123786198681043,0.0025207057976233344,0.46274872744099954,0.0,0.5970149253731343,0.001524731135337129,0.0006395880728968482,0.0002148997134670487,0.0007298699267523395,0.03176087196550162
149,0.0,0.5714285714285714,0.14285714285714285,0.035766124949189154,0.3998319529468251,0.7989356779268857,0.0,0.5671641791044776,0.43342280163599184,0.09889326975234178,0.10451289398280803,0.17754085968250657,0.00015859391108956564
123,0.0,0.767857142857143,0.14285714285714285,0.004226345939462629,0.07974232785179851,0.10620083294770939,0.0,0.7164179104477612,0.03993578143620073,0.008919150130481364,0.01511461318051576,0.014701665667439981,0.024452467493726985
213,1.0,0.25,1.0,0.002655577852686308,0.03370943864281999,0.0967144840351689,0.0,0.5373134328358209,0.041802110458872166,0.01031706836575802,0.049355300859598855,0.02012355655188593,8.943265662945431e-05
154,0.0,0.625,0.14285714285714285,0.04680815803444844,0.05973672628335934,0.18324849606663582,0.0,0.5671641791044776,0.008578045539028899,0.0012845735134974672,0.0040114613180515755,0.0021374762140604227,0.018819015825680636
16,0.0,0.5714285714285714,0.5,0.00010860072821741632,0.019725523146481013,0.005321610365571495,0.0,0.5671641791044776,0.04262936276745475,0.006687338584972109,0.010458452722063038,0.004744154523890207,0.05342864824167018
108,0.0,0.5357142857142857,0.5,0.04043177273169307,0.03172888408754451,0.6494678389634428,0.0,0.5671641791044776,0.18794329567021228,0.039233465838710464,0.04677650429799427,0.02205249850115997,0.37970798481185336
64,0.0,0.6071428571428572,0.0,0.00019678147130674047,0.09974792942023766,0.006015733456732994,0.0,0.5373134328358209,0.0088648099924968,0.00038321310696773185,0.0012177650429799427,0.00023460104788468054,0.09788049595837202
45,0.0,0.9107142857142857,0.14285714285714285,0.2612724344368788,0.24378826071299964,0.6968995835261453,0.0,0.40298507462686567,0.012116441815872455,0.0037484718702688697,0.004154727793696275,0.00891483981961786,0.6651512423855747
162,0.0,0.5535714285714286,0.5714285714285714,0.0011112484366775095,0.047733365342295844,0.0,0.0,0.5671641791044776,0.01685878291232045,0.0024099246797336937,0.003151862464183381,0.0020071422985689334,0.005402505932043943
75,0.0,0.6071428571428572,0.07142857142857142,0.07962321410472603,0.19977593726243348,0.7385469689958353,0.3333333333333333,0.5522388059701493,0.09307373119908981,0.018067688388372992,0.040401146131805156,0.027656856867294008,0.3174112910227596
22,0.0,0.46428571428571436,0.0,0.03156704194493562,0.11175129036130116,0.6119851920407219,0.0,0.5671641791044776,0.06399622633181798,0.01789767130570421,0.018266475644699142,0.032192477126397834,0.10338524681511779
104,0.0,0.7499999999999999,0.5,0.06858118101946675,0.051734485655983674,0.0037019898195279964,0.0,0.8656716417910447,0.12797991668015282,0.02553494660653999,0.022206303724928367,0.023069103041993586,0.008662334323183645
129,0.0,0.8928571428571429,0.5714285714285714,0.14167632961202822,0.05573560596967151,0.17237390097177233,0.0,0.7014925373134329,0.09339617263244619,0.03170143920809821,0.018123209169054442,0.032244610692594426,0.09788049595837202
4,0.0,0.28571428571428575,0.5,0.0269013941624317,0.013723842675949265,0.5340120314669135,0.16666666666666666,0.5671641791044776,0.0963914451261077,0.032821393006630666,0.04369627507163324,0.028204259312358263,0.06196584130154133
101,0.0,0.625,0.6428571428571429,0.02145813841617712,0.259792741967751,0.6691346598796853,0.16666666666666666,0.5671641791044776,0.1600763560930397,0.050651597216037736,0.04491404011461318,0.07288272554284075,0.2777708702464609
61,0.0,0.7321428571428571,0.0,0.06687044349921531,0.07974232785179851,0.598565478944933,0.0,0.5671641791044776,0.14852985709591834,0.0397273249836055,0.029011461318051577,0.0712144514245497,0.09788049595837202
109,0.0,0.7142857142857143,0.07142857142857142,0.004024167868887459,0.03773056455807626,0.36649699213327164,0.0,0.6119402985074627,0.004096569370270655,0.0007529327946760364,0.0030802292263610313,0.008028569194275734,0.09788049595837202
52,0.0,0.6607142857142857,0.14285714285714285,0.07853456295547512,0.04373224502860801,0.2938454419250347,0.0,0.7761194029850746,0.28266451256172975,0.11260798108762357,0.066189111747851,0.0940750202017569,0.057976016836414686
66,0.0,0.6071428571428572,0.5,0.12814595104276683,0.067738966910735,0.3544655252198056,0.0,0.4925373134328358,0.13639781426392628,0.019738173692690077,0.03911174785100287,0.023694705836352737,0.07589477614667652
26,0.0,0.8392857142857142,0.0,0.4043522997669991,0.6799103749049734,0.9106894956038871,0.16666666666666666,0.6417910447761194,0.0232808844948581,0.007872060795949815,0.0047277936962750716,0.02181789745327529,0.25875635946758596
139,0.0,0.7142857142857143,0.5,0.0007924291715397414,0.00012003360941063497,0.0041647385469689956,0.0,0.5970149253731343,0.037491264656986066,0.0035298784782661495,0.010601719197707736,0.006229961160493184,0.007249169436500783
204,1.0,0.5892857142857144,0.5,0.034677473799938234,0.047733365342295844,0.6689032855159648,0.0,0.6716417910447762,0.20370473559802466,0.043286888984242385,0.06840974212034384,0.07264812449495607,0.008135406778718211
40,0.0,0.8035714285714286,0.0,0.13327816360352115,0.27179610290881445,0.7660805182785747,0.0,0.6119402985074627,0.06975729232564869,0.010646307795688042,0.023710601719197706,0.03352188306441102,0.06081207946106044
13,0.0,0.37500000000000006,0.5,0.13358920678902142,0.259792741967751,0.7204997686256362,0.0,0.5671641791044776,0.028483593493303518,0.013895523153358107,0.05064469914040114,0.03868310611787399,0.1653209871792566
3,0.0,0.5714285714285714,0.0,0.1648490469317977,0.43984315608370345,0.8024062933826932,0.16666666666666666,0.5671641791044776,0.013860659938307023,0.006552404392377837,0.009455587392550143,0.015379402027995726,0.01827114009137407
92,0.0,0.5892857142857144,0.7857142857142857,0.2052846610468317,0.41183531388788863,0.9130032392410921,0.16666666666666666,0.6268656716417911,0.11797525170048011,0.02639852543914333,0.0504297994269341,0.030002867346140813,0.004941645755539008
24,0.0,0.6964285714285715,0.14285714285714285,1.1461941385684638e-05,0.0037210418917296845,0.5106997556435453,0.0,0.6119402985074627,0.0001970815985248611,0.0,0.0,0.0,3.596643055800757e-05
30,0.0,0.6607142857142857,0.07142857142857142,0.23483376366935654,0.3398151482415076,0.9102267468764461,0.0,0.5074626865671642,0.014196250361673851,0.009172826412558595,0.010888252148997135,0.025727914918019967,0.0331604688707643
126,0.0,0.7499999999999999,0.5,0.08428886188722995,0.08774456847917417,0.46760758907913,0.0,0.7313432835820896,0.0007390100189786821,0.0007448367431203801,0.0008595988538681948,0.0013554727211114877,0.0006327642451397138
60,0.0,0.6785714285714287,0.5714285714285714,0.07309130720922054,0.15976473412555517,0.6716797778806108,0.0,0.7164179104477612,0.04406450299882793,0.01086759987154265,0.009527220630372493,0.014154263222375727,0.000846210185628678
56,0.0,0.48214285714285715,0.0,0.07402443676572132,0.19977593726243348,0.7940768162887553,0.0,0.5671641791044776,0.13086806628316977,0.023977806024002093,0.0407593123209169,0.07971222271459479,0.009666268264323872
145,0.0,0.8392857142857142,0.5714285714285714,0.055828410413956024,0.05973672628335934,0.003007866728366497,0.0,0.6865671641791045,0.09886425215655696,0.04922129477453846,0.01869627507163324,0.054844511638818656,0.00023004335244001614
107,0.0,0.5000000000000001,0.0,0.29704240076940885,0.49985996078902095,0.8891716797778806,0.0,0.5671641791044776,0.24236255167645024,0.07370375467884313,0.24634670487106017,0.22242786017777547,0.04057290527608844
19,0.0,0.625,0.14285714285714285,0.03358882265068732,0.03573000440123234,0.42133271633503006,0.0,0.5522388059701493,0.041299598358123316,0.011882304999851573,0.021991404011461317,0.02692698694054167,0.028584095090085918
230,1.0,0.2321428571428572,1.0,0.03514403857818863,0.00012003360941063497,0.6288755205923183,0.0,0.4925373134328358,0.020200833198471897,0.007664262139354637,0.030873925501432666,0.01579647055756849,0.09788049595837202
150,0.0,0.48214285714285715,0.0,0.3810240608544795,0.8399551874524867,0.9789449329014345,0.5,0.5671641791044776,0.005217022700857719,0.002131960242989494,0.025931232091690546,0.005995360112608503,0.09068419817451673
54,0.0,0.6428571428571429,0.5,0.012577855470144651,0.07974232785179851,0.14877371587228136,0.0,0.582089552238806,0.035776378896882496,0.007151512207496404,0.005873925501432665,0.020775226129343377,0.09788049595837202
184,1.0,0.4464285714285714,0.0,0.11041648946925192,0.3518185091825711,0.8609440074039797,0.0,0.7164179104477612,0.16365441389219912,0.07052470510132208,0.1437679083094556,0.09689023277637307,0.07943985442748372
80,0.0,0.8571428571428573,0.6428571428571429,0.05022963307495131,0.03372944424438843,0.6395187413234613,0.0,0.5522388059701493,0.1864095226885976,0.033790220509457534,0.038896848137535814,0.05656491932330631,0.09788049595837202
51,0.0,0.8571428571428573,0.7857142857142857,0.27526937778439053,0.5798823670627776,0.9835724201758446,0.16666666666666666,0.6119402985074627,0.35160408483029526,0.06147062077824645,0.06174785100286533,0.07462920001042671,0.021590622481584446
159,0.0,0.5535714285714286,0.14285714285714285,3.1150975027851194e-05,0.23978714039931182,0.6855622397038408,0.0,0.5671641791044776,0.022046105446930798,0.003537974529821806,0.0054441260744985676,0.004926622005578292,0.05829829668012443
158,0.0,0.9107142857142857,0.5,0.0047862236733631,0.0129236186132117,0.00046274872744099955,0.0,0.6716417910447762,0.021345101832644313,0.002758054896626915,0.002793696275071633,0.011182649949169773,0.09788049595837202
118,0.0,0.5357142857142857,0.0,0.06111614456746047,0.35982074980994677,0.02036094400740398,0.3333333333333333,0.5671641791044776,0.44298840069049056,0.08930214734274095,0.09570200573065903,0.13046424940698068,0.04766306183770284
86,0.0,0.7321428571428571,0.5,0.11834809069950859,0.21978153883087265,0.7637667746413698,0.0,0.7761194029850746,0.06216097674008033,0.010330561785017447,0.03581661891117478,0.01733441076036806,0.003961915030661382
207,1.0,0.3571428571428571,0.5,0.019125314524925156,0.05573560596967151,0.6658954187875983,0.16666666666666666,0.7014925373134329,0.00033096222408576207,0.0005208459834138891,0.0006446991404011461,0.000808070276047233,0.060940250154903806
144,0.0,0.6607142857142857,0.14285714285714285,3.934696296578309e-06,0.046582285279878365,0.0,0.0,0.5671641791044776,0.007752478998396375,0.00045607757096863857,0.0007879656160458453,0.0015118734197012748,0.09788049595837202
181,1.0,0.6607142857142857,0.0,0.13903246253527599,0.6198935701996559,0.8690421101341971,0.6666666666666666,0.582089552238806,0.002579899270767435,0.000712452536897755,0.0009312320916905444,0.0016422073351927639,0.12494257778884701
182,1.0,0.625,0.5,0.1264352135225154,0.27179610290881445,0.7959278111985192,0.16666666666666666,0.6417910447761194,0.20570096070382957,0.08069604453907829,0.07048710601719198,0.04606000573469228,0.35408673723692863
41,0.0,0.5892857142857144,0.14285714285714285,0.00015479064126420518,0.007121994158364342,0.0013882461823229986,0.0,0.5074626865671642,0.031685755689926584,0.01751175951488459,0.012965616045845273,0.009748976878763391,0.0021120287277674446
14,0.0,0.2321428571428572,0.14285714285714285,0.0012869878364851573,0.019725523146481013,0.014576584914391486,0.3333333333333333,0.5671641791044776,0.018221496422493908,0.00022668944355837658,0.0025787965616045844,0.0010166045408336157,0.00045267426847470815
27,0.0,0.8214285714285714,0.0,0.3250362874644324,0.6799103749049734,0.9173993521517816,0.16666666666666666,0.5074626865671642,0.05317837754336408,0.018272788361116284,0.01339541547277937,0.023173370174386778,0.003639635186951637
50,0.0,0.5714285714285714,0.5,0.08459990507273021,0.16776697475293081,0.02105506709856548,0.16666666666666666,0.5522388059701493,0.039586030562053426,0.014257146789510755,0.008882521489971347,0.009436175481583818,0.053141819180768504
208,1.0,0.6071428571428572,0.0,0.016948012226423326,0.11175129036130116,0.6422952336881074,0.0,0.8805970149253731,0.0918235043866747,0.005054634854581421,0.002292263610315186,0.004926622005578292,0.004960982546161593
20,0.0,0.6071428571428572,0.5,0.07200265605996962,0.15976473412555517,0.8220731142989357,0.0,0.5373134328358209,0.2444991552770054,0.050435702507886905,0.13896848137535817,0.05771185777963141,0.07786068319330597
153,0.0,0.6607142857142857,0.6428571428571429,0.005159475495963414,0.023726643460168846,0.06686719111522443,0.0,0.7164179104477612,0.01459105721557723,0.005607865044217935,0.011891117478510028,0.006047493678805099,0.08169581333345194
46,0.0,0.8928571428571429,0.0,0.5178830624745946,0.6799103749049734,0.9435446552521981,0.0,0.5671641791044776,0.04023928096786374,0.02311692587525064,0.019269340974212033,0.03349581628131272,0.08859260198884047
157,0.0,0.7321428571428571,0.07142857142857142,0.05893884226895864,0.05973672628335934,0.24502545118000926,0.0,0.5671641791044776,0.1831477762575216,0.025211104544313738,0.04648997134670487,0.03474702187003102,0.02514214635926584
226,1.0,0.5892857142857144,0.21428571428571427,0.0018779698889356542,0.19977593726243348,0.014807959278111986,0.0,0.6268656716417911,0.11341733361776836,0.0251625282349798,0.04591690544412608,0.048458149779735685,0.09788049595837202
134,0.0,0.5714285714285714,0.35714285714285715,0.009296349863116893,0.05573560596967151,0.4254974548819991,0.0,0.5970149253731343,0.011658556590310573,0.0006395880728968482,0.0019340974212034383,0.001120871673226807,0.00043572234869557555
161,0.0,0.8928571428571429,0.0,0.3639166856519651,0.7999439843156084,0.924109208699676,1.0,0.6119402985074627,4.864206794073943e-05,2.1589470815083483e-05,0.0,2.6066783098297837e-05,0.3312693243022786
62,0.0,0.6964285714285715,0.5714285714285714,0.003806437639037276,0.019725523146481013,0.08607126330402591,0.0,0.5671641791044776,0.11187436553824426,0.018664097519639673,0.0167621776504298,0.029168730286995282,0.033650334233203114
155,0.0,0.9821428571428572,0.14285714285714285,0.020369487266926205,0.0129236186132117,0.00925497454881999,0.0,0.5970149253731343,0.23752547042120906,0.04733491476207054,0.045200573065902576,0.07194432135130203,0.027617255558956683
2,0.0,0.5535714285714286,0.0,0.04774128759094922,0.11175129036130116,0.6640444238778344,0.0,0.5671641791044776,0.009322695218058681,0.0008824696195665374,0.0024355300859598855,0.0012251388056199984,0.015531761419841236
59,0.0,0.5535714285714286,0.0,0.07853456295547512,0.23978714039931182,0.7832022211938917,0.6666666666666666,0.6268656716417911,0.10176079994899785,0.011661012923996966,0.0248567335243553,0.02880379532361911,0.004703158671193796
141,0.0,0.6071428571428572,0.0,0.11119409743300258,0.03573000440123234,0.6485423415085608,0.16666666666666666,0.5223880597014925,0.03499032062693404,0.010508674919241887,0.013825214899713468,0.022990902692698694,0.001558480868211586
214,1.0,0.4464285714285714,0.14285714285714285,0.0001998919031617431,0.0177249629896371,0.01781582600647848,0.0,0.7164179104477612,0.1558375998587633,0.03874770274537108,0.04297994269340974,0.06433282068659907,0.12062721845358916
43,0.0,0.5357142857142857,0.6428571428571429,0.0001579010731192078,0.0037210418917296845,0.00023137436372049977,0.0,0.5671641791044776,0.003026076071658011,0.00012413945718673004,0.0007163323782234957,0.0003128013971795741,0.09788049595837202
180,1.0,0.5357142857142857,0.5,0.1405876784627773,0.15976473412555517,0.7341508560851457,0.0,0.6567164179104478,0.3088825871817883,0.0716878378414847,0.10157593123209169,0.06242994552042332,0.09468369103495466
10,0.0,0.7499999999999999,0.0,0.5443217332421169,0.2349857960228864,0.8220731142989357,0.0,0.6268656716417911,0.1203608279020955,0.035466103181478394,0.041045845272206304,0.08169329823006542,0.0007487849888752221
173,1.0,0.5892857142857144,0.0,0.2394994114518605,0.43984315608370345,0.8734382230448866,0.0,0.6119402985074627,0.38717915238361456,0.0985208513807816,0.15830945558739254,0.19703881344003338,0.31378886557946206
73,0.0,0.4107142857142858,0.5,0.016170404262672675,0.019725523146481013,0.24109208699676077,0.0,0.5671641791044776,0.020448487835498474,0.0012629840426823839,0.0027220630372492838,0.001146938456325105,0.02958316260558613
221,1.0,0.7142857142857143,0.5,0.31259456004442193,0.37982635137838594,0.8891716797778806,0.0,0.5970149253731343,0.3115363537390946,0.06132759053409652,0.3040830945558739,0.13716341266324322,0.09788049595837202
224,1.0,0.625,0.5,0.041053859102693595,0.19977593726243348,0.7332253586302637,0.0,0.6119402985074627,0.17382011568659184,0.027181143756190105,0.034383954154727794,0.0446263326642859,0.09788049595837202
112,0.0,0.625,0.14285714285714285,0.041675945473694125,0.1037490497339255,0.0013882461823229986,0.0,0.6119402985074627,0.16998707782240466,0.04142479712644143,0.03832378223495702,0.03313088131793655,0.0015200328828570133
205,1.0,0.5000000000000001,0.5,0.025035135049430127,0.139759132557116,0.7540490513651087,0.0,0.7164179104477612,0.4031797568080505,0.1259826582575678,0.25537249283667623,0.22360086541719887,0.0067012937021942165
189,1.0,0.3392857142857143,1.0,0.07371339358022107,0.139759132557116,0.7491901897269783,0.0,0.4925373134328358,0.1119083260998563,0.03777347787484044,0.06941260744985674,0.05747725673174674,0.0
98,0.0,0.4107142857142858,0.14285714285714285,0.0002698766198993019,0.11975353098867683,0.013188338732068487,0.0,0.5671641791044776,0.11420403554457048,0.016785813558727408,0.029011461318051577,0.02799572504757188,0.09788049595837202
93,0.0,0.5535714285714286,0.0,0.09113181196823571,0.3998319529468251,0.7797316057380842,0.0,0.6716417910447762,0.10127937527278791,0.03166095895031993,0.0771489971346705,0.11258243620154837,0.008022641061404172
138,0.0,0.48214285714285715,0.7857142857142857,0.09984102116224304,0.16776697475293081,0.7924571957427117,0.0,0.5671641791044776,0.06952517740408899,0.008217492328991152,0.03911174785100287,0.014440997836457003,0.09788049595837202
220,1.0,0.8035714285714286,0.35714285714285715,0.05380662970820432,0.2998039451046293,0.8412771864877372,0.0,0.6865671641791045,0.15987155061227093,0.05399796519237568,0.03581661891117478,0.05995360112608503,0.09788049595837202
113,0.0,0.7499999999999999,0.7857142857142857,0.07806799817722472,0.19977593726243348,0.0023137436372049976,0.0,0.7014925373134329,0.15830105853967133,0.04715950031169799,0.06239255014326647,0.08416964262440373,0.3339764749894405
0,0.0,0.5714285714285714,0.5,1.035773807715871e-05,0.015724402832793184,0.00994909763998149,0.0,0.5671641791044776,0.1005283196755479,0.012497604918081452,0.03044412607449857,0.016578474050517426,0.036060987464152004
94,0.0,0.625,0.5714285714285714,0.004801775832638113,0.019725523146481013,0.08537714021286441,0.0,0.582089552238806,0.027858020332200497,0.0059721873642224685,0.01332378223495702,0.016474206918124235,0.09788049595837202
95,0.0,0.7857142857142858,0.5,5.432369234762068e-05,0.019725523146481013,0.5106997556435453,0.0,0.5671641791044776,0.025333751403784948,0.008689762003071103,0.006375358166189111,0.011260850298464667,0.0069591175771620125
69,0.0,0.5892857142857144,0.0,0.19750858140932517,0.15976473412555517,0.7336881073577047,0.0,0.582089552238806,0.035010825695272,0.0063284136326713465,0.011962750716332378,0.008106769543570628,0.09788049595837202
49,0.0,0.5357142857142857,0.0,0.11306035654600415,0.3998319529468251,0.8313280888477557,0.0,0.5373134328358209,0.2857830300177036,0.041770228659482773,0.08094555873925502,0.10231212366081902,0.30335988983701473
48,0.0,0.48214285714285715,0.14285714285714285,0.1421428943902786,0.047733365342295844,0.5587690883850069,0.0,0.43283582089552236,0.005342934241563804,0.0012413945718673003,0.0024355300859598855,0.0034668821520736125,0.09788049595837202
85,0.0,0.2321428571428572,1.0,0.07900112773372552,0.019725523146481013,0.47639981490050903,0.0,0.5074626865671642,0.3593480123876359,0.08151914311390335,0.15401146131805157,0.12840497354221517,0.004155282936887229
228,1.0,0.4107142857142858,0.5,0.015859361077172413,0.139759132557116,0.6420638593243868,0.0,0.6716417910447762,0.10574105133071457,0.01841042123756244,0.02328080229226361,0.010661314287203816,0.09788049595837202
23,0.0,0.6071428571428572,0.14285714285714285,0.002904412401086517,0.02772776377385668,0.11105969458583989,0.0,0.5970149253731343,0.1347861894533453,0.02483059012119789,0.032521489971346705,0.029976800563042513,0.15366412523227513
78,0.0,0.5892857142857144,0.5,0.23327854774185525,0.07174008722442284,0.7582137899120778,0.0,0.5970149253731343,0.0782689492577717,0.023535221872292882,0.021346704871060173,0.0180642806871204,0.45889214241133774
100,0.0,0.3571428571428571,0.5,0.059871971825459426,0.15976473412555517,0.7080055529847293,0.0,0.5671641791044776,0.08450199962729203,0.008174313387360984,0.02994269340974212,0.0065427625576727575,0.14566836230983637
131,0.0,0.7857142857142858,0.6428571428571429,0.07324682880197067,0.19977593726243348,0.6943544655252198,0.0,0.5970149253731343,0.040617015589982,0.013029245636902883,0.007449856733524355,0.009853244011156583,0.1792660360165773
186,1.0,0.6428571428571429,0.5,0.10030758594049342,0.091745688792862,0.6943544655252198,0.0,0.44776119402985076,0.14792589241490242,0.028390154121834783,0.034240687679083094,0.01968042123921487,0.07357436127196636
229,1.0,0.4107142857142858,0.0,0.019125314524925156,0.011723282519105349,0.5106997556435453,0.0,0.7164179104477612,0.0020282546968560123,0.0010767748569022887,0.004799426934097421,0.005239423402757865,0.09788049595837202
6,0.0,0.5357142857142857,0.5,0.06624835712821478,0.15976473412555517,0.7302174919018972,0.0,0.5671641791044776,0.09232837656255363,0.025891172874988867,0.030014326647564468,0.026588118760263797,0.2627204015452158
68,0.0,0.30357142857142855,0.42857142857142855,0.0,0.0009202576721482015,0.00023137436372049977,0.0,0.5671641791044776,0.0009143298857846238,4.5877625482052404e-05,0.00028653295128939826,5.2133566196595675e-05,0.00054897148577518
84,0.0,0.37500000000000006,0.5,5.167982527086846e-05,0.002120593766254551,0.5106997556435453,0.0,0.5671641791044776,0.16560794309337806,0.50508836840273,0.2252865329512894,0.6495581680264838,0.08762576245771124
121,0.0,0.5357142857142857,0.6428571428571429,0.05225141378070301,0.09974792942023766,0.023368810735770476,0.0,0.5373134328358209,0.14680044308111792,0.01278906277408508,0.032521489971346705,0.02014962333498423,0.08827032214513074
215,1.0,0.7499999999999999,0.14285714285714285,0.00019678147130674047,0.015724402832793184,0.002776492364645997,0.0,0.5671641791044776,0.0019317674694600147,0.00030764995911493966,0.0020057306590257878,0.00036493496337616977,0.004123054952516254
210,1.0,0.4285714285714286,0.5,0.011831351824944025,0.23978714039931182,0.6122165664044424,0.0,0.5373134328358209,0.11800559552358114,0.03605981362889319,0.03244985673352436,0.033261215233428044,0.09809985737827796
225,1.0,0.625,0.0,0.05147380581695236,0.03973112471492018,0.36348912540490513,0.16666666666666666,0.9552238805970149,0.025450375895602537,0.006547007024674066,0.007091690544412607,0.006438495425279567,0.09788049595837202
190,1.0,0.4285714285714286,0.0,0.07371339358022107,0.7039170967871003,0.7355391022674688,0.0,0.5671641791044776,0.12015369299652302,0.028427935695761176,0.04047277936962751,0.0434793942079608,0.24038640837613048
176,1.0,0.5892857142857144,0.07142857142857142,0.2021742291918291,0.43984315608370345,0.8961129106894956,0.16666666666666666,0.47761194029850745,0.08686615125077851,0.015282646653227221,0.41160458452722065,0.0017204076844876573,0.13661229870159253
91,0.0,0.5357142857142857,0.0,0.20839509290183433,0.09974792942023766,0.6156871818602498,0.0,0.5671641791044776,0.25833091195755054,0.07416792830136743,0.06998567335243552,0.057216588900763754,0.6956389156005166
196,1.0,0.3392857142857143,0.0,0.05365110811545419,0.139759132557116,0.6943544655252198,0.0,0.5970149253731343,0.21345258149308774,0.07178499046015259,0.07958452722063038,0.033704350546099104,0.05249725949334901
11,0.0,0.46428571428571436,0.5,0.023635440714678952,0.11975353098867683,0.4072188801480796,0.0,0.5671641791044776,0.015896148112185097,0.0025961338655137887,0.006733524355300859,0.0018246748168808486,0.012418538129605097
119,0.0,0.8571428571428573,0.14285714285714285,0.19439814955432255,0.047733365342295844,0.7336881073577047,0.0,0.6716417910447762,1.0,1.0,0.34040114613180517,1.0,0.13661229870159253
102,0.0,0.4285714285714286,0.5714285714285714,0.09284254948848715,0.08774456847917417,0.7538176770013882,0.0,0.5970149253731343,0.028891242833953695,0.008109544974915733,0.02328080229226361,0.036519563120715276,0.10264078037614828
35,0.0,0.48214285714285715,0.07142857142857142,0.06049405819645995,0.051734485655983674,0.7468764460897732,0.0,0.5671641791044776,0.04558745641523591,0.006935617499345569,0.039613180515759315,0.01676094153220551,0.0028205931921476903
57,0.0,0.5178571428571429,0.07142857142857142,0.19906379733682647,0.19977593726243348,0.5640906987505785,0.0,0.5074626865671642,0.02502734009111729,0.011847222109777062,0.008022922636103151,0.009019106952011052,0.15208173119966029
65,0.0,0.0,0.0,0.02176918160167738,0.06373784659704718,0.42179546506247106,0.0,0.5671641791044776,0.17197576294792388,0.030187477567190483,0.15121776504297993,0.19797721763157208,0.0037298735431903654
1,0.0,0.7142857142857143,0.0,0.29859761669691015,0.19977593726243348,0.7644608977325312,0.16666666666666666,0.5970149253731343,0.01785660428712245,0.009348240862931149,0.0043696275071633236,0.004848421656283398,0.3979812519501959
120,0.0,0.6964285714285715,0.5,0.00438186753221276,0.19146052913528833,0.0994909763998149,0.0,0.5671641791044776,0.0003080051296386204,8.096051555656307e-06,7.163323782234957e-05,2.6066783098297837e-05,0.026328136184117702
183,1.0,0.21428571428571425,0.0,0.11041648946925192,0.11975353098867683,0.02036094400740398,0.16666666666666666,0.7910447761194029,0.07321287142065488,0.023770007367406917,0.06697707736389685,0.023251570523681674,0.05211052368089732
42,0.0,0.3392857142857143,0.14285714285714285,0.09455328700873859,0.007722162205417517,0.1800092549745488,0.0,0.5671641791044776,0.013972441678558994,0.004601255967464668,0.02958452722063037,0.023199436957485078,0.013243574529502044
105,0.0,0.5357142857142857,0.0,0.13887694094252587,0.1917736966350578,0.004396112910689496,0.3333333333333333,0.6567164179104478,0.047314663606538084,0.008025885775507285,0.009742120343839542,0.009905377577353179,0.006926889592791038
132,0.0,0.19642857142857145,0.0,0.029234218053683658,0.27979834353619015,0.4863489125404905,0.0,0.5671641791044776,0.024413935109581047,0.004331387582276124,0.04512893982808023,0.011886453092823815,0.03782727437558764
199,1.0,0.7142857142857143,0.14285714285714285,0.050385154667701444,0.11975353098867683,0.7186487737158723,0.0,0.6567164179104478,0.05641483745518922,0.01586286368138259,0.022492836676217765,0.01652634048432083,0.025361296652988464
17,0.0,0.6785714285714287,0.14285714285714285,0.022702311158178164,0.02772776377385668,0.006709856547894493,0.0,0.5671641791044776,0.0560146054935193,0.020596355157589643,0.01683381088825215,0.01785574642233402,0.003707313954130683
38,0.0,0.46428571428571436,0.0,9.673443069058134e-06,0.0177249629896371,0.5106997556435453,0.0,0.5671641791044776,0.022523484280060613,0.0017136642459472514,0.007020057306590258,0.0023981440450434014,0.034127308401893534
133,0.0,0.8392857142857142,0.7857142857142857,0.4012418679119965,0.23978714039931182,0.8729754743174456,0.0,0.5373134328358209,0.013438972748181822,0.004981770390580514,0.007521489971346705,0.007533300315408075,0.15111489166853107
53,0.0,0.5357142857142857,0.14285714285714285,0.0004238429967219314,0.03546104881366782,0.0009254974548819991,0.0,0.5671641791044776,0.00023024525165143958,1.3493419259427178e-05,0.0,0.0,0.0018638732481109405
164,1.0,0.8392857142857142,0.0,0.712285053412258,1.0,0.988894030541416,0.16666666666666666,0.8805970149253731,0.31771901497207145,0.08514617421083738,0.07084527220630372,0.1001746474467586,0.324501447584374
194,1.0,0.8035714285714286,0.0,0.05613945359945628,0.019725523146481013,0.38084220268394264,0.0,0.7313432835820896,0.07701955000416845,0.0188071277637896,0.019340974212034383,0.02880379532361911,0.053334768123197526
128,0.0,0.3392857142857143,0.14285714285714285,0.00438186753221276,0.047733365342295844,0.5106997556435453,0.0,0.5671641791044776,0.009468253617964524,0.001964641844172597,0.006948424068767908,0.0029455464901076557,0.008856475701034396
34,0.0,0.48214285714285715,0.5,0.1340557715672718,0.139759132557116,0.7292919944470153,0.3333333333333333,0.5671641791044776,0.10072684183941191,0.020771769607962197,0.03194842406876791,0.029246930636290174,0.5499039702749698
28,0.0,0.5535714285714286,0.6428571428571429,0.04743024440544896,0.11975353098867683,0.021980564553447476,0.0,0.5671641791044776,0.014237720253245257,0.0036351271484896816,0.005157593123209169,0.0042228188619242496,0.02396260213128817
114,0.0,0.6607142857142857,0.7857142857142857,0.07900112773372552,0.23978714039931182,0.8010180472003702,0.0,0.6417910447761194,0.07800980074835837,0.01069488410502198,0.027077363896848138,0.014440997836457003,0.04121746496350793
163,1.0,0.7499999999999999,0.0,1.0,0.5998879686312167,0.988431281813975,0.5,0.582089552238806,0.28023722126593203,0.09376577043375946,0.07693409742120344,0.13312306128300708,0.1991345883812831
151,0.0,0.4107142857142858,0.5,0.002826651604711452,0.010923058456367783,0.10342434058306339,0.0,0.5671641791044776,0.014479275475325262,0.0018054194969113564,0.007449856733524355,0.009905377577353179,0.005769904953873053
31,0.0,0.5892857142857144,0.14285714285714285,0.065315227571714,0.14376025287080382,0.7806571031929662,0.16666666666666666,0.5522388059701493,0.011762062742444082,0.0033166824539672003,0.009240687679083094,0.005943226546411907,0.008884739643327741
188,1.0,0.1607142857142857,0.0,0.08195603799597799,0.4798543592205818,0.9238778343359556,0.0,0.8656716417910447,0.23170154060800438,0.06521909264851532,0.25243553008595987,0.18609076453874826,0.028358499199489098
127,0.0,0.6607142857142857,0.07142857142857142,0.5241039261845998,0.49985996078902095,0.9599722350763535,0.3333333333333333,0.5970149253731343,0.10129071589354284,0.039624774997233846,0.023782234957020056,0.03065453692359826,1.0
185,1.0,0.5535714285714286,0.5,0.10248488823899525,0.05893650222062177,0.7757982415548357,0.16666666666666666,0.6716417910447762,0.15716230696424455,0.04985548547973154,0.06146131805157593,0.04115945051221229,0.2704228898098787
203,1.0,0.5357142857142857,0.14285714285714285,0.0365437329129398,0.07174008722442284,0.3704303563165201,0.0,0.9402985074626866,0.01954497751492058,0.010840613033023794,0.009312320916905445,0.007011964653442119,2.6459175168570084e-05
32,0.0,0.5714285714285714,0.0,0.08693272896398217,0.27979834353619015,0.5106997556435453,0.0,0.5671641791044776,0.28042578207372754,0.07131541946992452,0.09613180515759312,0.137580481192816,0.012711812787380965
167,1.0,0.625,0.0,0.5054413350545841,0.29580282479094144,0.9946783896344285,0.16666666666666666,0.5373134328358209,0.0411085548738923,0.004334086266128009,0.05472779369627507,0.0012512055887182964,0.008022641061404172
142,0.0,0.28571428571428575,1.0,0.0042730024172876685,0.025727203617012764,0.15802869042110135,0.0,0.5671641791044776,0.12542643799071174,0.023694444219554123,0.05687679083094556,0.05333263821911738,0.01350139840446984
200,1.0,0.6785714285714287,0.14285714285714285,0.04882993874020014,0.047733365342295844,0.7008329477093937,0.0,0.6567164179104478,0.08748252931397213,0.06275249560789203,0.03287965616045845,0.02833459322784975,0.13480753157681793
147,0.0,0.3214285714285715,0.14285714285714285,0.04120938069544373,0.0037210418917296845,0.6015733456732995,0.16666666666666666,0.47761194029850745,0.0,4.0480257778281534e-05,7.163323782234957e-05,0.00023460104788468054,6.510052842936854e-05
29,0.0,0.1607142857142857,1.0,0.024568570271179736,0.02772776377385668,0.5881536325775104,0.0,0.5671641791044776,0.05651895661385002,0.010057994715977018,0.0416189111747851,0.019002684878659123,0.00027297102762215424
177,1.0,0.7499999999999999,0.0,0.17106991064180294,0.259792741967751,0.8581675150393336,0.0,0.5671641791044776,0.20378151466556815,0.0559949912427709,0.053724928366762174,0.0434272606417642,0.00850606082696879
99,0.0,0.4285714285714286,0.0,0.026745872569681566,0.37982635137838594,0.6647385469689958,0.0,0.5671641791044776,0.0006945976960762678,9.445393481599024e-05,0.00035816618911174784,0.0001303339154914892,0.02588661279823535
82,0.0,0.5000000000000001,0.0,0.15707296729429115,0.49985996078902095,0.8248496066635816,0.0,0.6567164179104478,0.4186956263210291,0.11132880494182987,0.27306590257879654,0.47120923806793,0.05829829668012443
227,1.0,0.4285714285714286,1.0,0.03265569309418653,0.14776137318449165,0.6508560851457659,0.0,0.7611940298507462,0.218192256011142,0.05074065378314996,0.08080229226361031,0.05969293329510205,0.09788049595837202
175,1.0,0.9285714285714288,0.5714285714285714,0.20995030882933563,0.11175129036130116,0.6374363720499768,0.0,0.6417910447761194,0.025999813646015703,0.0340196086368678,0.016977077363896847,0.04066418163334463,0.0017581010034054022
79,0.0,0.5714285714285714,0.07142857142857142,0.17729077435180815,0.5078622014163966,0.004627487274409995,0.3333333333333333,0.5970149253731343,0.1158139745872014,0.036523987251417485,0.025931232091690546,0.03182754216302166,0.20880298369257544
197,1.0,0.625,0.5,0.052873500151703536,0.03372944424438843,0.5953262378528459,0.0,0.5970149253731343,0.3920851049221972,0.1511262957055844,0.14921203438395417,0.10692594426921774,0.2163443320353835
115,0.0,0.30357142857142855,0.42857142857142855,2.752732191677315e-06,0.02772776377385668,0.5106997556435453,0.0,0.5671641791044776,0.010104339841010628,0.0010929669600136013,0.0037249283667621777,0.0023981440450434014,0.09788049595837202
148,0.0,0.46428571428571436,0.5,0.10139623708974434,0.09574680910654984,0.514345210550671,0.16666666666666666,0.5671641791044776,0.06321295724156871,0.015806191320492994,0.024068767908309457,0.009019106952011052,0.7859417278079872
223,1.0,0.6785714285714287,0.5,0.0006866744884696525,0.007322050174048734,0.045812124016658955,0.0,0.5671641791044776,0.027276369088778056,0.0171393411433244,0.020988538681948422,0.018246748168808488,0.09788049595837202
72,0.0,0.7142857142857143,0.5714285714285714,0.05660601837770668,0.09974792942023766,0.6980564553447478,0.0,0.9701492537313433,0.04504801067121763,0.011639423453181884,0.012034383954154728,0.013320126163230197,0.004155282936887229
77,0.0,0.625,0.0,0.06780357305571609,0.2637938622814388,0.7202683942619158,0.0,0.6417910447761194,0.044472121689151746,0.019811038156690983,0.03818051575931232,0.06008393504157652,0.08356503642696846
25,0.0,0.6428571428571429,0.5714285714285714,0.009902884074842402,0.011723282519105349,0.0879222582137899,0.0,0.6119402985074627,0.08894093314305611,0.025694168953801232,0.03997134670487106,0.05984933399369184,0.09788049595837202
165,1.0,0.767857142857143,0.0,0.5443217332421169,0.7599327811787301,0.9259602036094401,1.0,0.31343283582089554,0.0017886917459897112,0.0008878669872703082,0.0005730659025787965,0.0010166045408336157,0.38315637913954764
81,0.0,0.4464285714285714,0.6428571428571429,0.08164499481047774,0.05253470971872124,0.4923646459972235,0.0,0.5671641791044776,0.018621054076983813,0.002412623363585579,0.00845272206303725,0.010087845059041263,0.04993513473585654
217,1.0,0.8392857142857142,0.0,0.2628276503643801,0.5198655623574601,0.8917167977788061,0.0,0.835820895522388,0.2941495270041635,0.08786105016583412,0.19140401146131805,0.21789223991867163,0.09788049595837202
174,1.0,0.9285714285714288,0.0,0.23794419552435916,0.5998879686312167,0.8560851457658492,0.5,0.5074626865671642,0.0837266689715712,0.03516115190621534,0.035601719197707736,0.046242473216380364,0.024739296554628656
219,1.0,0.8214285714285714,0.14285714285714285,0.03949864317519229,0.05973672628335934,0.28991207774178623,0.0,0.6119402985074627,0.012835498472387734,0.00598298209963001,0.0032951289398280804,0.006229961160493184,0.09788049595837202
39,0.0,0.7142857142857143,0.5714285714285714,0.0018779698889356542,0.09574680910654984,0.014807959278111986,0.0,0.6567164179104478,0.2048787350487708,0.022582586472577323,0.033452722063037246,0.041185517295310586,0.442133590538431
193,1.0,0.7321428571428571,0.14285714285714285,0.05816123430520798,0.13575801224342815,0.7783433595557612,0.0,0.8507462686567164,0.07332535811841324,0.03586550839155744,0.02643266475644699,0.015223001329405938,0.010437322790399437
58,0.0,0.6785714285714287,1.0,0.022857832750928297,0.007722162205417517,0.00046274872744099955,0.0,0.43283582089552236,0.00012808771387797738,1.3493419259427178e-05,7.163323782234957e-05,2.6066783098297837e-05,0.09788049595837202
140,0.0,0.5178571428571429,0.5,0.1304787749340188,0.15976473412555517,0.7410920869967608,0.0,0.5522388059701493,0.2598931897426844,0.09464284268562222,0.15995702005730658,0.09068633839897818,0.08798027028579196
88,0.0,0.6607142857142857,0.7857142857142857,0.129545645377518,0.5278678029848357,0.006941230911614993,0.0,0.6865671641791045,0.03748816897402323,0.007915239737579982,0.008810888252148997,0.005891092980215311,0.0014868058309705386
216,1.0,0.5714285714285714,0.14285714285714285,0.0001610115049742104,0.005721602048573601,0.004627487274409995,0.0,0.7761194029850746,0.0013567366965323447,0.00029145785600362704,0.0019340974212034383,0.0010948048901285093,0.03825249040137828
70,0.0,0.6964285714285715,0.0,0.37480319714447424,0.7199215780418518,0.9130032392410921,0.0,0.5671641791044776,0.01705120566123788,0.00951825794559993,0.009670487106017192,0.012094987357610198,0.00014718520462224065
87,0.0,0.3392857142857143,1.0,0.05054067626045158,0.019725523146481013,0.6628875520592319,0.0,0.5671641791044776,0.0032116024971433894,0.0009472380320117878,0.0032234957020057307,0.002215676563355316,0.0003344620218019736
36,0.0,0.8571428571428573,0.0,0.15551775136678986,0.7119193374144761,0.8070337806571032,0.0,0.5671641791044776,0.4771513770578629,0.07893650266764898,0.12392550143266476,0.16784401636993979,0.1807646372898276
21,0.0,0.8750000000000001,0.14285714285714285,0.03949864317519229,0.015724402832793184,0.17792688570106432,0.0,0.7014925373134329,0.051206550097345434,0.012335683886968325,0.01482808022922636,0.0193154862758387,0.0033495833276128663
211,1.0,0.4107142857142858,0.14285714285714285,0.011038191701918358,0.27979834353619015,0.593475242943082,0.0,0.6268656716417911,0.07382560209501111,0.018680289622750985,0.024355300859598854,0.018611683132184656,0.042957776119540554
9,0.0,0.5357142857142857,0.5,0.07557965269322263,0.04973392549913976,0.520823692734845,0.0,0.5671641791044776,0.1599144304188551,0.03159619053787468,0.03810888252148997,0.020071422985689338,0.699225890261006
103,0.0,0.48214285714285715,0.14285714285714285,2.7573978394598186e-05,0.023726643460168846,0.005784359093012495,0.0,0.5671641791044776,0.07433868855835576,0.024906153269050685,0.013180515759312322,0.009722910095665093,0.0010452824450881877
195,1.0,0.2678571428571428,0.35714285714285715,0.05505080245020537,0.015724402832793184,0.6015733456732995,0.0,0.8059701492537313,0.17126439952332612,0.04086616956910115,0.06540114613180516,0.03907410786434846,0.14818214509077238
67,0.0,0.46428571428571436,0.5,9.066908857332625e-06,0.00932261033089265,0.5106997556435453,0.0,0.5671641791044776,0.037461533840412335,0.014983092745667937,0.013825214899713468,0.008732372337929777,0.04711518610339627
192,1.0,0.6964285714285715,0.0,0.06515970597896387,0.07974232785179851,0.6601110596945858,0.0,0.5671641791044776,0.09031244329689622,0.05181472995620036,0.04477077363896848,0.04801501446706462,3.3742699636410326e-05
117,0.0,0.7321428571428571,0.0,0.15862818322179248,0.21978153883087265,0.7482646922720962,0.0,0.5671641791044776,0.2168491280595156,0.04279302983934735,0.04111747851002865,0.05124729557125355,0.057976016836414686
47,0.0,0.4464285714285714,0.5,4.2970616076861134e-05,0.0,0.0016196205460434984,0.0,0.5671641791044776,0.02831014329640582,0.003791650811899037,0.007664756446991404,0.0034408153689753146,0.18971434854964725
172,1.0,0.5357142857142857,0.5,0.2519411388718709,0.29580282479094144,0.8419713095788987,0.16666666666666666,0.5671641791044776,0.16968400739531075,0.07936829208395066,0.1318051575931232,0.03339154914891953,0.005895594092919854
